Run	Coalescent time	First ascertained	First unascertained	First hospitalized	infections
0001	0.016277	0.003101	0.018548	0.038307	3
0002	0.005622	0.006627	0.010041	0.040509	4
0003	0.083296	0.14025	0.003543	0.171861	6
0004	0.000147	0.037868	0.001009	0.097504	2
0005	0.033682000000000004	0.05074	0.003157	0.081599	5
0006	0.021388	0.052906	0.002526	0.06922	4
0007	0.020008	0.046832	0.019162	0.060621	3
0008	0.006213	0.006223	0.003388	0.065403	3
0009	0.007114	0.014484	0.01213	0.079045	4
0010	0.05403000000000001	0.092656	0.001068	0.110497	10
0011	0.00099	0.010052	0.0132	0.039982	1
0012	0.007561	0.016343	0.000636	0.051925	3
0013	0.000149	0.000869	0.012738	0.033718	2
0014	0.005236	0.02647	0.005104	0.052059	2
0015	0.005279000000000001	0.038566	0.014352	0.048152	2
0016	0.029092	0.002759	0.004494	0.099728	8
0017	0.00154	0.000195	0.025162	0.034565	1
0018	0.032631999999999994	0.045646	0.006649	0.060528	13
0019	0.039536999999999996	0.026561	0.006649	0.076536	9
0020	0.032622000000000005	0.064756	0.025306	0.080154	8
0021	0.014157	0.028792	0.009292	0.043102	2
0022	0.018938	0.029225	0.01124	0.033789	4
0023	0.037466	0.048549	0.000908	0.088676	5
0024	0.032181999999999995	0.043771	0.001776	0.08962	8
0025	0.00543	0.00114	0.011865	0.035284	2
0026	0.038571999999999995	0.050986	0.0061	0.091058	2
0027	0.12172000000000001	0.048819	0.010539	0.068388	22
0028	0.000956	0.033514	0.008494	0.07074	1
0029	0.028587	0.029185	0.000451	0.045385	4
0030	0.07816100000000001	0.004128	0.032413	0.032777	21
0031	0.04572999999999999	0.003359	0.012667	0.063092	10
0032	0.01012	0.029459	0.00415	0.041198	2
0033	0.015716	0.030169	0.00737	0.036388	4
0034	0.025812	0.037589	0.002903	0.047769	4
0035	0.001034	0.005381	0.024554	0.031062	1
0036	0.04885	0.08481	0.002969	0.110927	3
0037	0.000185	0.052019	0.001095	0.087603	1
0038	0.002671	0.016626	0.028164	0.056864	1
0039	0.007895	0.009313	0.026548	0.037543	1
0040	0.00876	0.002874	0.017071	0.033811	7
0041	0.065084	0.036413	0.005416	0.093271	20
0042	0.024042	0.021507	0.015015	0.127372	3
0043	0.044614999999999995	0.04205	0.009132	0.074427	5
0044	0.007521	0.013277	0.016862	0.04759	2
0045	0.015646	0.049366	0.007449	0.0598	3
0046	0.021292000000000002	0.044649	0.004047	0.075615	2
0047	0.034997999999999994	0.007204	0.041687	0.040301	3
0048	0.000186	0.010452	0.005482	0.03642	2
0049	0.012284	0.093395	0.002303	0.100332	2
0050	0.069921	0.041809	0.00884	0.088707	7
0051	0.084971	0.017876	0.025142	0.045128	9
0052	0.003492	0.041992	0.008146	0.059855	6
0053	0.010477	0.022618	0.021163	0.053874	3
0054	0.0092	0.030316	0.010399	0.05103	3
0055	0.031798	0.056012	0.024455	0.07509	2
0056	0.035802	0.003851	0.034563	0.101338	7
0057	0.002065	0.030586	0.014031	0.070707	1
0058	0.0062510000000000005	0.018806	0.008369	0.071627	2
0059	0.000318	0.005788	0.014266	0.06001	1
0060	0.046268000000000004	0.074645	0.002031	0.084116	8
0061	0.061498000000000004	0.109655	0.001375	0.138244	10
0062	0.014919	0.018897	0.005956	0.035871	4
0063	0.000221	0.016316	0.004961	0.051632	1
0064	0.0	0.001808	0.008491	0.040082	1
0065	0.02664	0.007541	0.030649	0.026558	6
0066	0.0	0.020583	0.003128	0.055988	1
0067	0.058316	0.047615	0.003588	0.064221	18
0068	0.011818999999999998	0.048341	0.011386	0.055417	3
0069	0.0021799999999999996	0.011093	0.062806	0.083379	1
0070	0.13422499999999998	0.029553	0.005077	0.039192	11
0071	0.004621	0.02205	0.000245	0.039627	2
0072	0.010456	0.019688	0.023155	0.060371	2
0073	0.0033480000000000003	0.001386	0.019366	0.041414	2
0074	0.018748	0.011401	0.030797	0.027597	2
0075	0.042609	0.092652	0.006688	0.100815	5
0076	0.001396	0.050239	0.000983	0.064002	1
0077	0.083753	0.056469	0.000232	0.099019	21
0078	0.010102	0.006945	0.014244	0.084271	3
0079	0.0015439999999999998	0.009507	0.004741	0.035231	2
0080	0.007641	0.050917	0.012896	0.076404	1
0081	0.005418	0.050689	0.00221	0.078191	2
0082	0.08133599999999999	0.010255	0.082473	0.087764	4
0083	0.06317	0.047736	0.001918	0.115467	10
0084	0.026704	0.011995	0.029028	0.016149	3
0085	0.008171	0.033003	0.005467	0.05819	4
0086	0.028894000000000003	0.060231	0.007517	0.070028	4
0087	0.00218	0.010675	0.007369	0.031316	2
0088	0.027275	0.044663	0.008089	0.046455	5
0089	0.004509999999999999	0.008257	0.006873	0.053465	2
0090	0.06691	0.064919	0.013988	0.088992	16
0091	0.01338	0.063083	0.003962	0.100538	3
0092	0.0061200000000000004	0.013793	0.002707	0.01714	2
0093	0.00449	0.019596	0.003161	0.034109	2
0094	0.035071	0.025083	0.011815	0.034453	13
0095	0.009667	0.036058	0.00195	0.056639	3
0096	0.012717000000000001	0.03207	0.005417	0.054266	3
0097	0.023737	0.049318	0.010074	0.068175	3
0098	0.000521	0.003942	0.011953	0.00813	2
0099	0.029488	0.014213	0.001412	0.030154	7
0100	4e-06	0.012787	0.026293	0.0592	1
0101	4.7e-05	0.031363	0.002038	0.050344	1
0102	4.3e-05	0.017942	0.0116	0.026681	2
0103	0.011564	0.010719	0.013831	0.047986	5
0104	0.001318	0.01797	0.006023	0.040312	3
0105	0.006914000000000001	0.047229	0.001173	0.054004	2
0106	0.013354	0.021478	0.018533	0.0475	3
0107	0.018231	0.033094	0.012668	0.05736	3
0108	3.3e-05	0.020625	0.031483	0.069571	1
0109	0.008084	0.014372	0.000458	0.029678	2
0110	0.037856	0.027089	0.039065	0.108344	4
0111	0.021962000000000002	0.039481	0.008593	0.04753	4
0112	0.092881	0.016985	0.029641	0.042023	26
0113	0.009333000000000001	0.031431	0.008826	0.057071	4
0114	0.061874	0.045365	0.000915	0.094422	8
0115	0.002634	0.005146	0.023901	0.047746	1
0116	0.139773	0.014264	0.006551	0.024609	15
0117	0.037665	0.046116	0.005343	0.077253	3
0118	0.016563	0.035841	0.002521	0.061389	9
0119	0.039571999999999996	0.057618	0.013304	0.070043	4
0120	0.010098	0.021273	0.030119	0.071928	1
0121	0.00024	0.003118	0.019048	0.020401	2
0122	0.032699000000000006	0.027576	0.016132	0.065464	6
0123	4e-06	0.001071	0.010832	0.016806	2
0124	0.02237	0.034645	0.005852	0.051807	3
0125	0.001323	0.031021	0.004344	0.050859	2
0126	0.065691	0.082497	0.01128	0.102157	8
0127	0.027774999999999998	0.030082	0.000364	0.071945	2
0128	0.0	0.002335	0.016509	0.047261	1
0129	0.009106000000000001	0.020516	0.012731	0.088158	3
0130	0.058948	0.092421	0.025858	0.165144	4
0131	0.029091	0.020842	0.010454	0.056706	15
0132	0.0042179999999999995	0.009741	0.011481	0.025427	2
0133	0.044593	0.001615	0.023879	0.021847	3
0134	0.042129	0.030875	0.000295	0.048548	5
0135	0.0015890000000000001	0.02212	0.0079	0.035131	2
0136	0.06246600000000001	0.021686	0.016525	0.052775	17
0137	1e-06	0.010957	0.007353	0.039828	1
0138	0.0	0.007258	0.004121	0.025282	1
0139	0.000305	0.001914	0.018645	0.037989	3
0140	0.029017	0.003865	0.010064	0.02831	7
0141	0.004992999999999999	0.016237	0.011659	0.047423	2
0142	0.047767	0.043323	0.004345	0.085868	22
0143	0.014867000000000002	0.023701	0.001054	0.065531	7
0144	0.01802	0.001436	0.0073	0.019925	5
0145	0.060344999999999996	0.001492	0.017453	0.009188	17
0146	0.007226	0.02043	0.002488	0.083708	3
0147	0.012722999999999998	0.052296	0.002068	0.067583	3
0148	5.8e-05	0.000788	0.005923	0.015713	3
0149	0.002515	0.02096	0.003383	0.034817	2
0150	0.040354	0.066727	0.010188	0.132513	3
0151	0.007223	0.015329	0.001414	0.057706	5
0152	0.041874	0.055697	0.001322	0.133441	6
0153	0.021379	0.033291	0.002027	0.101937	4
0154	0.022012000000000004	0.004686	0.020836	0.046531	8
0155	0.017567000000000003	0.025148	0.005672	0.036525	4
0156	7.9e-05	0.035669	0.006612	0.068234	2
0157	0.100354	0.034878	0.007865	0.07597	28
0158	0.005074	0.022573	0.000646	0.061134	2
0159	0.021055	0.038979	0.000786	0.065096	3
0160	0.007366	0.020379	0.04338	0.040072	1
0161	0.00846	0.032592	0.000859	0.03945	2
0162	0.014139	0.001531	0.015348	0.006037	5
0163	0.027033	0.05261	0.001077	0.060853	4
0164	0.012946999999999998	0.002505	0.011615	0.041957	3
0165	0.007597	0.006345	0.019374	0.007332	2
0166	0.019681	0.019818	0.004546	0.061776	8
0167	0.0014420000000000001	0.001911	0.011909	0.02088	2
0168	0.045954999999999996	0.030204	0.008445	0.085594	7
0169	0.013482	0.039212	0.015443	0.087053	3
0170	0.068771	0.085403	0.004576	0.105334	8
0171	0.029710999999999998	0.050316	0.018163	0.07269	4
0172	0.026718	0.035112	0.009979	0.134709	2
0173	0.022979	0.060071	0.003473	0.076397	3
0174	0.026453	0.04856	0.010984	0.055655	5
0175	0.034329	0.038952	0.01126	0.059535	6
0176	0.000221	0.063883	0.006801	0.104713	1
0177	0.089028	0.065543	0.021685	0.070963	7
0178	0.027133	0.013404	0.012344	0.025429	4
0179	0.011967	0.024786	0.015483	0.058717	2
0180	0.052459	0.061558	0.001309	0.087393	5
0181	0.013252	0.002206	0.009939	0.03534	4
0182	0.008035	0.030708	0.002074	0.067768	2
0183	0.001304	0.021641	0.009135	0.034921	1
0184	0.01627	0.039781	0.015752	0.109132	3
0185	0.037924	0.027697	0.001062	0.050881	12
0186	0.01485	0.02988	0.015012	0.063144	3
0187	0.0014919999999999998	0.01339	0.032364	0.056592	1
0188	0.000212	0.023232	0.002457	0.060272	2
0189	0.009548000000000001	0.05134	0.004037	0.063306	2
0190	0.017576	0.017976	0.00263	0.077524	6
0191	0.054180000000000006	0.056978	0.001397	0.072664	7
0192	0.011744	0.066591	0.005669	0.095706	6
0193	0.026119999999999997	0.022349	0.007855	0.052998	2
0194	0.048218000000000004	0.031594	0.005302	0.116347	10
0195	0.122966	0.027042	1.4e-05	0.040338	37
0196	0.020928	0.056363	1.1e-05	0.079157	5
0197	0.012606	0.032201	0.0059	0.039012	5
0198	0.007436999999999999	0.010805	0.001738	0.030766	3
0199	0.015111	0.032385	0.01168	0.046092	3
0200	0.017967	0.032156	0.001319	0.061471	8
0201	0.005244	0.02329	0.010122	0.032649	2
0202	0.09224099999999999	0.003074	0.033284	0.122929	10
0203	0.0014219999999999999	0.024498	0.000946	0.060037	2
0204	0.003785	0.015105	0.011218	0.038745	1
0205	0.00012	0.01071	0.002448	0.024208	2
0206	0.013237	0.045841	0.000703	0.108219	3
0207	0.004758	0.011892	0.012118	0.023293	3
0208	0.091728	0.070223	0.018704	0.106837	12
0209	0.004749999999999999	0.04005	0.000771	0.060481	2
0210	0.031772999999999996	0.0561	0.010747	0.064639	4
0211	0.012504999999999999	0.013275	0.002873	0.034124	4
0212	0.032971	0.054283	0.010515	0.073927	11
0213	0.010321	0.024363	0.007257	0.039905	2
0214	0.08834800000000001	0.001604	0.037233	0.062101	12
0215	0.07749299999999999	0.002071	0.012984	0.04676	9
0216	0.036299	0.028873	0.025988	0.091047	4
0217	0.024783999999999997	0.02079	0.003163	0.083433	4
0218	0.020253	0.013808	0.002391	0.065001	7
0219	0.057735	0.067757	0.011853	0.081128	14
0220	0.005835	0.02115	0.011389	0.059716	2
0221	0.0016469999999999998	0.000808	0.011168	0.018825	3
0222	0.05152	0.001964	0.009648	0.087646	18
0223	0.013787	0.014775	0.002422	0.041666	4
0224	0.015525	0.009813	0.010384	0.05004	5
0225	0.010956	0.000598	0.014507	0.025799	5
0226	0.029148	0.046999	0.002518	0.071151	10
0227	0.034242	0.008133	0.011799	0.095185	16
0228	0.014908999999999999	0.025942	0.002656	0.041099	2
0229	0.09175	0.000555	0.067974	0.049557	5
0230	0.004156	0.023427	0.004191	0.036799	2
0231	0.013883	0.012569	0.001379	0.02151	7
0232	0.056957	0.044809	0.00759	0.091516	17
0233	0.029617	0.049123	0.004896	0.071828	2
0234	0.000284	0.001222	0.014938	0.071578	2
0235	0.0	0.006458	0.013832	0.048775	1
0236	0.027381000000000003	0.016902	0.00407	0.055899	4
0237	0.050527999999999997	0.030629	0.008223	0.051132	6
0238	0.000214	0.033049	0.007497	0.049242	1
0239	0.079751	0.022888	0.001235	0.126201	8
0240	0.020779	0.064659	0.021161	0.089724	1
0241	0.050874	0.064047	0.002436	0.092932	3
0242	0.024386	0.019863	0.00271	0.081914	3
0243	0.009651999999999999	0.024422	0.007373	0.069712	2
0244	0.006951	0.004386	0.033203	0.040929	2
0245	0.072075	0.003246	0.016023	0.027825	12
0246	0.020863	0.026593	0.007339	0.050104	16
0247	0.0053690000000000005	0.032803	0.000266	0.084257	2
0248	0.089576	0.036877	0.020537	0.133839	8
0249	0.035477999999999996	0.077062	0.001311	0.122932	3
0250	0.031627999999999996	0.028663	0.016182	0.049653	8
0251	0.024661	0.049327	0.000312	0.050041	6
0252	0.082476	0.155425	0.0024	0.192295	5
0253	0.071868	0.015779	0.003747	0.042617	30
0254	0.020062	0.019644	0.008734	0.042062	2
0255	0.058423	0.011723	0.102042	0.070078	3
0256	0.023666	0.024158	9.7e-05	0.042638	3
0257	0.046262	0.060608	0.006457	0.083525	7
0258	0.040436	0.066275	0.001665	0.085534	4
0259	0.053243	0.005595	0.050806	0.029596	8
0260	0.000114	0.039576	0.010732	0.061763	3
0261	0.010625	0.003332	0.024604	0.067084	1
0262	0.022924	0.066113	0.0017	0.075188	4
0263	0.04978099999999999	0.089801	0.019177	0.115941	7
0264	0.052649	0.032126	0.004229	0.088899	5
0265	0.010631999999999999	0.040416	0.000236	0.07112	3
0266	0.022348	0.02973	0.015197	0.063809	9
0267	0.054675999999999995	0.001702	0.00835	0.086429	11
0268	0.023285	0.003023	0.03369	0.091211	2
0269	0.002098	0.022127	0.000643	0.032288	1
0270	0.005189	0.034897	0.000498	0.049688	2
0271	0.011112	0.044624	0.014509	0.05735	2
0272	0.029924	0.032972	0.003754	0.047758	5
0273	0.012738	0.02409	0.01476	0.048069	3
0274	0.03811	0.037328	0.001212	0.090302	4
0275	0.045297000000000004	0.029301	0.006317	0.117532	11
0276	0.061794	0.065335	0.00685	0.078971	40
0277	0.031534000000000006	0.036128	0.004663	0.045999	4
0278	0.014329999999999999	0.010347	0.018124	0.064279	3
0279	0.012695	0.016318	0.000246	0.052504	2
0280	0.02932	0.04031	0.004295	0.067962	5
0281	0.004774	0.01859	0.008537	0.063298	3
0282	0.029249999999999998	0.077378	0.00039	0.117731	7
0283	7.2e-05	0.006204	0.009369	0.05567	2
0284	0.066373	0.042588	0.019493	0.051666	19
0285	0.003393	0.006309	0.016053	0.042412	4
0286	0.005887	0.034309	0.00384	0.04549	2
0287	0.024194999999999998	0.041854	0.021896	0.049068	4
0288	0.000477	0.031259	0.006511	0.057244	2
0289	0.081396	0.019446	0.000416	0.125964	10
0290	0.051878	0.01594	0.020126	0.078384	10
0291	0.048548	0.067071	0.028346	0.143259	4
0292	0.003751	0.037169	0.00024	0.06675	1
0293	0.011371000000000001	0.050131	0.004039	0.081254	3
0294	0.115068	0.042325	0.008978	0.143417	26
0295	0.012051	0.036128	0.003257	0.060908	4
0296	0.000128	0.013491	0.038876	0.064704	1
0297	0.000196	0.047481	0.009701	0.077528	3
0298	0.012964	0.054633	0.0237	0.111876	2
0299	0.0005449999999999999	0.022226	0.007398	0.034755	2
0300	0.042861	0.043067	0.011267	0.07171	4
0301	0.137635	0.079605	0.007043	0.16314	12
0302	9.5e-05	0.010782	0.001608	0.066789	3
0303	0.023747	0.024432	0.002355	0.066763	11
0304	0.070608	0.053474	0.003888	0.082279	10
0305	0.05752	0.02725	0.004096	0.080834	5
0306	0.06262	0.07992	0.004871	0.129842	8
0307	0.144646	0.003021	0.012582	0.05168	26
0308	0.013185	0.045799	0.000186	0.058256	3
0309	0.08013300000000001	0.004242	0.002375	0.024295	6
0310	0.030538999999999997	0.057284	0.010821	0.069476	4
0311	0.000952	0.001359	0.0207	0.056017	1
0312	0.04281800000000001	0.016085	0.002974	0.036051	33
0313	0.072564	0.01797	0.012351	0.094589	13
0314	0.041114	0.008979	0.025049	0.071939	3
0315	0.021933	0.024452	0.004678	0.053265	2
0316	0.001083	0.031997	0.001338	0.061313	1
0317	0.000295	0.022211	0.011686	0.031171	1
0318	0.031575	0.056458	0.002978	0.080171	5
0319	0.016142	0.043468	0.003033	0.068981	3
0320	0.031812	0.042068	0.015453	0.082701	6
0321	0.04737699999999999	0.023365	0.003541	0.061122	18
0322	0.048999	0.082331	0.036408	0.124916	5
0323	0.005378	0.022072	0.004608	0.068443	3
0324	0.036411	0.073049	0.00485	0.080808	12
0325	0.012522	0.029553	0.013576	0.055205	3
0326	0.012884	0.034047	0.019833	0.040832	2
0327	0.010511	0.028242	0.018125	0.045651	1
0328	0.03383800000000001	0.073268	0.003058	0.084936	7
0329	0.0049770000000000005	0.012249	0.001762	0.047524	3
0330	0.001521	0.001468	0.015254	0.026327	1
0331	0.04500799999999999	0.025373	0.00738	0.069755	14
0332	0.00054	0.035016	0.001073	0.054777	2
0333	0.049514	0.124575	0.02898	0.145417	10
0334	0.05004	0.006192	0.054425	0.060075	4
0335	0.036812	0.051281	0.001093	0.100325	5
0336	0.070516	0.005673	0.056972	0.113501	7
0337	0.039305	0.008501	0.00377	0.094581	13
0338	0.042244000000000004	0.009992	0.010264	0.050102	16
0339	0.002137	0.068082	0.002202	0.095736	1
0340	0.0014160000000000002	0.000237	0.015443	0.017391	3
0341	0.018768	0.004156	0.034767	0.023062	2
0342	0.000355	0.033349	0.003871	0.067402	4
0343	0.060797	0.00217	0.029738	0.056284	27
0344	0.0015739999999999999	0.012354	0.004826	0.077687	1
0345	0.036912	0.039009	0.011013	0.063767	14
0346	0.11851099999999999	0.088296	0.007967	0.133017	6
0347	0.059786000000000006	0.043389	0.010247	0.118967	10
0348	0.010724000000000001	0.057261	0.00923	0.062145	9
0349	0.065207	0.040885	0.008579	0.078848	7
0350	0.011607	0.018125	0.011031	0.032287	16
0351	0.041403999999999996	0.025528	0.010466	0.055093	12
0352	0.012771000000000001	0.001803	0.012852	0.032672	6
0353	0.012952	0.049898	0.011422	0.085779	5
0354	0.089532	0.002908	0.020862	0.129458	11
0355	0.08714999999999999	0.048658	0.008978	0.106158	20
0356	0.008556	0.051974	0.008313	0.069191	2
0357	0.055352	0.076184	0.000586	0.098319	9
0358	0.008360000000000001	0.026421	0.000501	0.063021	2
0359	0.02785	0.007391	0.02193	0.057511	6
0360	0.04958099999999999	0.039434	0.008078	0.053497	7
0361	0.018835	0.016507	0.023743	0.057907	2
0362	0.008272	0.015373	0.003397	0.032749	4
0363	0.054265999999999995	0.00014	0.016949	0.035359	8
0364	0.00479	0.014705	0.00477	0.055403	3
0365	0.004718999999999999	0.022565	0.003841	0.057238	2
0366	0.02151	0.049447	0.004784	0.069173	3
0367	0.042851	0.025757	0.008847	0.068913	9
0368	0.000368	0.001715	0.008148	0.033363	2
0369	0.009074	0.014282	0.023012	0.029624	2
0370	0.092947	0.009338	0.027959	0.043223	33
0371	0.012988000000000001	0.06509	0.007875	0.107288	2
0372	0.027568000000000002	0.007319	0.018253	0.072141	6
0373	0.001964	0.002036	0.007371	0.044191	2
0374	0.057706999999999994	0.025571	0.003021	0.110241	12
0375	0.013476	0.045069	0.002576	0.073474	3
0376	0.012456	0.064716	0.000787	0.113609	4
0377	0.014105	0.028753	0.011561	0.038621	6
0378	0.00039900000000000005	0.000191	0.038358	0.039715	2
0379	0.06534799999999999	0.003983	0.005798	0.06962	9
0380	0.015271	0.062975	0.003337	0.082688	2
0381	0.02128	0.067396	0.004047	0.091411	4
0382	0.120493	0.082908	0.026265	0.135735	26
0383	0.007763999999999999	0.033924	0.006545	0.069661	3
0384	0.000445	0.002177	0.02506	0.065396	2
0385	0.005721	0.014502	0.014858	0.100721	3
0386	0.004583	0.002905	0.024896	0.053254	1
0387	0.005365	0.070117	0.021714	0.07719	1
0388	0.018867000000000002	0.026509	0.007897	0.037947	6
0389	0.017322	0.023348	0.004914	0.034433	4
0390	0.0	0.016883	0.004016	0.035897	1
0391	0.008915999999999999	0.014847	0.007949	0.033585	7
0392	0.027918	0.045436	0.011406	0.052801	5
0393	0.007079	0.009478	0.007672	0.077327	3
0394	0.026501	0.001878	0.025888	0.022856	5
0395	0.003086	0.016056	0.003141	0.040593	2
0396	0.020092000000000002	0.020809	0.027929	0.045721	6
0397	0.000133	0.002	0.014417	0.027102	1
0398	0.021682999999999997	0.00589	0.00735	0.079113	5
0399	0.00233	0.017055	0.002805	0.07765	2
0400	4.8e-05	0.004742	0.015607	0.061836	2
0401	0.062245	0.019991	0.046536	0.04391	4
0402	0.031639	0.02531	0.00401	0.120524	8
0403	0.01995	0.008162	0.013718	0.046351	3
0404	0.015418	0.009002	0.01851	0.058589	2
0405	0.003374	0.041624	0.004721	0.074611	1
0406	0.011856999999999998	0.021148	0.007213	0.069649	6
0407	0.099561	0.058113	0.001079	0.078891	22
0408	0.036625	0.017307	0.002286	0.08024	5
0409	0.054855	0.008924	0.010144	0.04049	21
0410	0.038898	0.00554	0.013573	0.0573	10
0411	0.016192	0.050028	0.010926	0.061157	2
0412	0.003319	0.008451	0.025966	0.045054	1
0413	4e-06	0.009632	0.004752	0.023286	2
0414	0.038897	0.021997	0.0015	0.096996	9
0415	0.06625099999999999	0.004326	0.011222	0.023756	11
0416	0.03743	0.002872	0.036176	0.049523	4
0417	0.014352	0.01269	0.027778	0.035162	3
0418	0.007919	0.026809	0.001426	0.061061	3
0419	0.048701	0.076404	0.013777	0.106832	5
0420	0.000248	0.004509	0.013769	0.08069	1
0421	0.006438	0.046928	0.011992	0.052788	1
0422	0.09254699999999999	0.000731	0.045662	0.051425	17
0423	0.021921999999999997	0.037983	0.004819	0.063939	4
0424	0.029116000000000003	0.038783	0.027423	0.071261	2
0425	0.06490499999999999	0.038197	0.049824	0.047646	20
0426	0.0	0.006629	0.009741	0.032356	1
0427	0.0007930000000000001	0.001224	0.013027	0.036375	2
0428	0.023834	0.015205	0.008234	0.036965	3
0429	0.022484	0.000324	0.029617	0.055717	2
0430	0.006272	0.020082	0.00634	0.045607	2
0431	0.000176	0.036748	0.008183	0.066076	2
0432	3.1e-05	0.023304	0.034264	0.045525	1
0433	0.048735	0.025922	0.00316	0.087225	12
0434	0.010859	0.015058	0.004242	0.055436	3
0435	0.002481	0.050897	0.010237	0.072243	1
0436	0.010544999999999999	0.021956	0.009031	0.051402	2
0437	0.007994999999999999	0.04834	0.010511	0.074794	2
0438	0.008572999999999999	0.032246	0.005268	0.057528	6
0439	0.004221	0.017965	0.003827	0.029956	2
0440	0.101832	0.12357	0.022025	0.139601	12
0441	0.020009	0.019579	0.016663	0.042279	9
0442	0.060312000000000004	0.087785	0.016273	0.139226	6
0443	0.001699	0.02785	0.005157	0.104599	1
0444	0.067815	0.001252	0.013774	0.108911	9
0445	0.033938	0.007061	0.018475	0.055981	7
0446	0.030181	0.090362	0.006854	0.129942	8
0447	0.043282	0.006843	0.001507	0.04554	10
0448	0.028277999999999998	0.043088	0.007361	0.058021	4
0449	0.0025770000000000003	0.026518	0.010085	0.04455	2
0450	0.030084	0.016968	0.033917	0.029892	5
0451	0.000338	0.018492	0.017767	0.067693	1
0452	0.000946	0.023572	0.012439	0.038908	1
0453	0.08582100000000001	0.017175	0.010444	0.072162	8
0454	0.000151	0.006772	0.022827	0.030722	1
0455	0.041372	0.029103	0.016729	0.090764	6
0456	0.001519	0.028004	0.011983	0.039329	1
0457	0.12240600000000001	0.008327	0.043311	0.04709	12
0458	0.021419	0.033771	0.004687	0.142058	3
0459	0.045011999999999996	0.033602	0.011853	0.114217	7
0460	0.007462	0.011182	0.002065	0.060202	2
0461	0.010885999999999998	0.009016	0.009694	0.012367	3
0462	0.035638	0.020947	0.024675	0.026743	6
0463	0.07223199999999999	0.097841	0.015252	0.181303	7
0464	0.029647	0.043137	0.002805	0.089967	2
0465	0.000812	0.007238	0.027025	0.063329	1
0466	0.021294999999999998	0.020258	0.00218	0.040424	3
0467	0.022634	0.044716	0.002402	0.063239	2
0468	0.024139	0.020311	3.5e-05	0.022472	6
0469	0.067788	0.034935	0.000545	0.041387	20
0470	0.022650000000000003	0.01759	0.004527	0.045511	10
0471	0.03388	0.010854	0.025675	0.058598	3
0472	0.000931	0.002257	0.016047	0.017072	2
0473	0.039152	0.002413	0.003462	0.067554	17
0474	0.11756399999999999	0.055703	0.006602	0.078932	34
0475	0.010558	0.056632	0.005668	0.072974	2
0476	5e-06	0.010635	0.049964	0.035547	1
0477	0.001408	0.017183	0.03046	0.057554	1
0478	0.018445	0.04024	0.006855	0.047934	2
0479	0.013404	0.005765	0.017557	0.027841	3
0480	0.0029909999999999997	0.000677	0.015696	0.071701	2
0481	0.00276	0.035949	0.008249	0.065347	1
0482	0.017421	0.004421	0.040478	0.042036	2
0483	0.004197	0.044515	0.021521	0.073664	2
0484	0.037435	0.018826	0.000472	0.072073	8
0485	0.004393	0.028609	0.002776	0.054472	1
0486	0.012909	0.01997	0.001618	0.078973	2
0487	0.02138	0.05421	0.003714	0.089036	3
0488	0.022312000000000002	0.03341	0.002547	0.052421	4
0489	0.007841	0.019219	0.004696	0.047488	3
0490	0.040143	0.015302	0.047162	0.04992	2
0491	0.002658	0.002903	0.034752	0.038979	1
0492	0.000951	0.009648	0.052432	0.017124	1
0493	0.007814999999999999	0.065389	0.008308	0.122125	2
0494	0.012752999999999999	0.035443	0.001481	0.074776	3
0495	0.000529	0.001106	0.015364	0.053765	2
0496	0.023829999999999997	0.018314	0.008091	0.049135	7
0497	0.002132	0.026996	0.006476	0.036335	2
0498	0.012070999999999998	0.00206	0.024139	0.015748	2
0499	0.059251	0.101936	0.019444	0.131408	9
0500	0.012355999999999999	0.059814	0.011146	0.073656	2
0501	0.003618	0.014922	0.003966	0.047781	2
0502	0.051095	0.042221	0.000852	0.06374	13
0503	0.174853	0.055454	0.008152	0.209582	24
0504	0.034018	0.003119	0.015931	0.034148	9
0505	0.0057020000000000005	0.024349	0.00852	0.053836	3
0506	0.017609	0.004341	0.02368	0.014781	5
0507	0.044051	0.007265	0.039698	0.093286	4
0508	0.007519	0.003421	0.04284	0.05873	2
0509	0.001408	0.018639	0.044136	0.056651	1
0510	0.0053029999999999996	0.020345	0.002152	0.031873	3
0511	0.025813	0.053205	0.001447	0.058998	3
0512	0.000192	0.015027	0.015747	0.048309	2
0513	0.009914999999999998	0.016747	0.013185	0.044809	3
0514	3.4e-05	0.008305	0.009955	0.063315	2
0515	0.0	0.001637	0.012821	0.029994	1
0516	0.0	0.013883	0.015084	0.026268	1
0517	0.022631	0.062653	0.002421	0.087445	5
0518	0.001052	0.013657	0.041009	0.065404	1
0519	0.000184	0.007348	0.016622	0.058454	2
0520	0.037063	0.048857	0.011855	0.079487	5
0521	0.00097	0.056845	0.005562	0.083266	1
0522	0.001377	0.051925	0.010923	0.082637	1
0523	0.011798	0.04018	0.001438	0.069179	5
0524	0.026828	0.05336	0.004911	0.077571	3
0525	0.01455	0.062719	0.012151	0.087967	2
0526	0.00033	0.0136	0.013145	0.048847	2
0527	0.027225	0.059057	0.013818	0.10625	3
0528	0.011956	0.010102	0.025995	0.043708	1
0529	0.009044	0.047856	0.006912	0.087815	1
0530	0.049714999999999995	0.112976	0.002195	0.184079	3
0531	1.6e-05	0.045442	0.025135	0.081699	2
0532	0.004244	0.014218	0.004655	0.020492	2
0533	2.3e-05	0.016745	0.004495	0.041195	3
0534	0.030586999999999996	0.000457	0.052076	0.101406	2
0535	1.4e-05	0.003042	0.020033	0.030363	2
0536	0.062653	0.026047	0.01627	0.089598	22
0537	0.027725	0.028918	0.015109	0.072503	5
0538	1.3e-05	0.023868	0.019749	0.058585	1
0539	0.00030000000000000003	0.025264	0.001424	0.057572	2
0540	0.028099	0.025654	0.006526	0.078368	5
0541	1e-05	0.005342	0.019817	0.050343	1
0542	0.001101	0.003439	0.007775	0.009459	3
0543	0.028901000000000003	0.042868	0.007575	0.078731	5
0544	0.026973	0.045373	0.00074	0.054911	6
0545	0.044677	0.055118	0.025773	0.066857	6
0546	0.007195	0.035986	0.003594	0.039934	2
0547	0.001276	0.035251	0.00545	0.042538	2
0548	0.0030589999999999997	0.000632	0.020868	0.003704	2
0549	0.047659999999999994	0.081266	0.024432	0.110018	3
0550	0.032242	0.013789	0.000501	0.119344	6
0551	0.000171	0.024663	0.000129	0.048323	1
0552	0.0031999999999999997	0.024382	0.011386	0.050037	2
0553	0.06273100000000001	0.013548	0.033789	0.071964	5
0554	0.0601	7.6e-05	0.017857	0.029014	20
0555	0.045608	0.004383	0.014656	0.089738	11
0556	0.035389	0.02101	0.001666	0.043602	24
0557	0.07896	0.054956	0.015799	0.10763	11
0558	0.009795	0.031431	0.001082	0.04531	2
0559	0.001546	0.034682	0.00121	0.049303	1
0560	0.13558599999999998	0.020911	0.008411	0.061059	27
0561	0.062517	0.074412	0.002118	0.083603	11
0562	0.027625999999999998	0.034621	0.005066	0.052117	5
0563	0.09684999999999999	0.103515	0.011129	0.109082	28
0564	0.010142	0.023187	0.001218	0.04365	2
0565	0.005087	0.041298	0.001851	0.055794	2
0566	0.001653	0.020911	0.005237	0.072216	1
0567	0.057946000000000004	0.062855	0.003188	0.087735	8
0568	0.000215	0.001415	0.011457	0.031765	1
0569	0.045145000000000005	0.051786	0.022937	0.099976	6
0570	3.5e-05	0.011088	0.001867	0.041274	3
0571	0.051271000000000004	0.00121	0.052978	0.084306	9
0572	0.000502	0.006315	0.010631	0.039943	1
0573	0.021391	0.015276	0.018199	0.060923	4
0574	0.000181	0.001941	0.014722	0.00526	2
0575	0.028407000000000005	0.038438	0.00265	0.047352	8
0576	0.060700000000000004	0.031765	0.002507	0.066142	16
0577	0.004917	0.024589	0.027339	0.052149	1
0578	0.03696000000000001	0.032722	0.012705	0.070251	6
0579	0.062946	0.01	0.009461	0.059367	6
0580	0.080398	0.049289	0.000236	0.222927	6
0581	0.000652	0.029619	0.045948	0.068585	1
0582	0.059557	0.070213	0.000915	0.092254	4
0583	0.009126	0.013377	0.00545	0.054894	2
0584	0.022749	0.036489	0.004774	0.065475	6
0585	0.058688	0.008629	0.010658	0.086304	13
0586	0.002527	0.022852	0.004538	0.032073	1
0587	4e-06	0.022463	0.006134	0.036857	2
0588	0.007423	0.006493	0.017285	0.041364	2
0589	0.09391399999999998	0.121706	0.00149	0.16644	17
0590	0.015716	0.016277	0.010284	0.04573	4
0591	0.019565	0.013742	0.008828	0.076877	3
0592	0.010257	0.033945	0.011579	0.069209	2
0593	1e-06	0.005597	0.016943	0.088025	1
0594	0.016512	0.00813	0.002216	0.090124	5
0595	0.010079999999999999	0.041986	0.008451	0.054424	2
0596	0.000432	0.015605	0.003583	0.030715	4
0597	0.14593799999999998	0.011815	0.003787	0.036408	53
0598	0.035643	0.02656	0.011646	0.047448	7
0599	0.07579	0.041682	0.002908	0.052906	12
0600	0.000332	0.028537	0.001775	0.035335	3
0601	0.026237000000000003	0.006197	0.029571	0.034155	5
0602	0.045906	0.074828	0.013481	0.09258	7
0603	0.044185999999999996	0.020978	0.003826	0.057639	15
0604	0.002079	0.001067	0.027295	0.117147	1
0605	0.055615	0.008154	0.016659	0.022861	27
0606	0.054994	0.050411	0.00543	0.060298	10
0607	0.000269	0.0008	0.010283	0.027543	3
0608	0.01665	0.035347	0.030044	0.069891	2
0609	0.02275	0.004433	0.000651	0.052869	6
0610	0.029251	0.047431	0.01448	0.059148	6
0611	0.068066	0.035687	0.002451	0.096581	7
0612	0.046401000000000005	0.071575	0.008363	0.123308	7
0613	0.03185	0.026075	0.013183	0.075447	4
0614	0.00018	0.000635	0.040739	0.03728	1
0615	7.5e-05	0.027969	0.012655	0.050426	2
0616	0.013081	0.024023	0.014504	0.078363	3
0617	0.005911	0.009792	0.012828	0.068661	3
0618	0.002666	0.026716	0.000987	0.043031	1
0619	0.004273	0.018008	0.009442	0.037869	3
0620	0.000503	0.005691	0.017983	0.057868	1
0621	0.030241999999999995	0.069193	0.001268	0.092226	12
0622	0.007989	0.035391	0.011675	0.046913	2
0623	0.025223000000000002	0.023212	0.033085	0.042649	2
0624	0.00818	0.002686	0.025352	0.049139	2
0625	0.002548	0.009251	0.00688	0.038793	2
0626	0.034248	0.038981	0.009394	0.065374	3
0627	0.028001000000000005	0.003387	0.022916	0.041808	4
0628	0.037288	0.024803	0.001045	0.077151	12
0629	0.032362	0.051494	0.010639	0.07996	5
0630	0.08282199999999999	0.001688	0.031472	0.025356	11
0631	0.001544	0.018601	0.010575	0.03826	2
0632	0.033588	0.031984	0.007438	0.048577	14
0633	0.017750000000000002	0.031254	0.005787	0.075734	2
0634	0.046554	0.064447	0.000236	0.101252	3
0635	0.043158	0.035993	0.000563	0.088561	10
0636	0.018256	0.050997	0.000766	0.094655	2
0637	0.085711	0.055373	0.012857	0.073113	17
0638	0.071774	0.057423	0.017136	0.099132	10
0639	0.027743	0.027029	0.020829	0.119394	8
0640	0.012056	0.047706	0.011602	0.073559	4
0641	3e-05	0.027025	0.002312	0.046563	3
0642	0.008749000000000002	0.031894	0.00166	0.097094	2
0643	5.6e-05	0.003395	0.010681	0.013557	2
0644	0.03236	0.038536	0.000497	0.073919	4
0645	0.049192	0.032441	0.009168	0.042442	7
0646	0.085045	0.052342	0.013011	0.069874	16
0647	0.052067	0.06636	0.006676	0.096246	18
0648	0.008256999999999999	0.005309	0.015201	0.043494	5
0649	0.001157	0.007971	0.002209	0.039977	1
0650	0.02425	0.031824	0.000371	0.045777	4
0651	0.015505999999999999	0.071574	0.018087	0.079805	2
0652	0.08396500000000001	0.043362	0.004832	0.123416	14
0653	0.066058	0.089316	0.003708	0.115783	10
0654	0.07633599999999999	0.122308	0.008633	0.146731	6
0655	0.030078	0.009855	0.027206	0.098372	4
0656	0.060271	0.005801	0.025077	0.100735	16
0657	0.00598	0.01892	0.006145	0.07962	2
0658	0.016169	0.022373	0.003635	0.049302	8
0659	0.018653	0.017208	0.003159	0.067844	5
0660	0.008691999999999998	0.014928	0.00642	0.072243	2
0661	0.018368000000000002	0.006464	0.00268	0.030588	6
0662	0.004818	0.027261	0.015961	0.031183	2
0663	0.009249	0.037348	0.011675	0.093695	2
0664	0.011167	0.020183	0.010768	0.033227	4
0665	0.048848	0.001545	0.019499	0.032658	11
0666	0.045355	0.049276	0.032386	0.084324	3
0667	0.022231	0.002751	0.01302	0.078116	4
0668	0.120369	0.080523	0.012472	0.123217	7
0669	0.017868999999999996	0.011498	0.001596	0.023233	4
0670	0.029548	0.048088	0.018341	0.062674	7
0671	0.019039999999999998	0.045677	0.005588	0.056629	4
0672	0.011652000000000001	0.032399	0.000119	0.056984	6
0673	0.007334	0.043685	0.002853	0.083705	2
0674	0.046881000000000006	0.038423	0.002505	0.0548	17
0675	0.053387	0.033512	0.003437	0.103644	4
0676	0.012862	0.013117	0.00262	0.04516	3
0677	0.000387	0.005439	0.019068	0.041551	1
0678	0.000557	0.024789	0.009736	0.044534	1
0679	0.016579	0.019895	0.009394	0.052401	4
0680	0.000898	0.003294	0.012438	0.02402	2
0681	0.002188	0.00243	0.010006	0.038788	2
0682	0.023911	0.042985	0.009101	0.064316	6
0683	0.00018999999999999998	0.01147	1.2e-05	0.038728	2
0684	0.027545	0.038027	0.009914	0.04769	10
0685	0.007308	0.010606	0.023296	0.048077	1
0686	0.000689	0.042252	0.002074	0.058716	1
0687	8.5e-05	0.006107	0.01719	0.030475	1
0688	0.00029	0.032317	0.008214	0.087244	2
0689	0.00030199999999999997	0.002545	0.019041	0.033275	1
0690	0.013427999999999999	0.0256	0.007175	0.039546	3
0691	0.086429	0.042718	0.012061	0.064846	17
0692	0.045534	0.051475	0.003798	0.066017	14
0693	0.027975999999999997	0.059656	0.001024	0.090146	3
0694	0.061558	0.032408	0.000605	0.099101	26
0695	0.015634000000000002	0.022346	0.00836	0.054982	4
0696	0.086566	0.053451	0.000395	0.160443	7
0697	0.0014420000000000001	0.016354	0.008725	0.029233	2
0698	0.061697999999999996	0.03113	0.011889	0.112596	13
0699	0.055526	0.06817	0.004764	0.081831	8
0700	0.026226	0.053993	0.006118	0.083855	5
0701	0.12828399999999998	0.073787	0.01313	0.111829	12
0702	0.00769	0.025014	0.000939	0.076039	4
0703	0.056444	0.011781	0.006067	0.020979	12
0704	0.014883	0.010794	0.004485	0.035441	9
0705	0.000158	0.040145	0.005189	0.054557	1
0706	0.002165	0.037877	0.018817	0.063414	1
0707	0.023234	0.030562	0.009368	0.032411	13
0708	0.0031609999999999997	0.034251	0.01013	0.038774	2
0709	0.022086	0.036366	0.014603	0.046691	3
0710	0.07120299999999999	0.111588	0.013654	0.141815	8
0711	0.008102	0.027083	0.000376	0.053414	2
0712	0.180172	0.011424	0.012138	0.060724	63
0713	0.001644	0.052181	0.011038	0.075235	1
0714	0.064105	0.007442	0.006589	0.069785	9
0715	0.045512	0.007186	0.029596	0.059565	7
0716	0.054031	0.000674	0.036954	0.019206	8
0717	0.018287	0.023867	0.004489	0.054137	2
0718	0.013819999999999999	0.029521	0.026243	0.057866	2
0719	0.007237	0.023476	0.008921	0.032291	6
0720	0.005646	0.016215	0.002606	0.037917	2
0721	0.016659999999999998	0.018268	0.010691	0.036877	8
0722	0.024795	0.004628	0.021469	0.028158	11
0723	0.00958	0.035036	0.003482	0.092971	3
0724	0.026142	0.053828	0.006586	0.074293	3
0725	0.032563	0.007293	0.004545	0.055815	6
0726	0.057485	0.014145	0.026746	0.016395	12
0727	0.017976	0.030813	0.002674	0.05558	7
0728	0.05255	0.031985	0.000347	0.070272	13
0729	0.038743	0.034088	0.011162	0.095941	5
0730	0.009186	0.004915	0.016403	0.021938	2
0731	0.033555	0.00292	0.050759	0.06835	2
0732	0.003403	0.025363	0.005479	0.0633	1
0733	0.019263000000000002	0.029175	0.012014	0.03955	7
0734	1.7e-05	0.020735	0.000258	0.043463	2
0735	0.054825000000000006	0.080348	0.002233	0.100031	16
0736	0.026075000000000004	0.028556	0.022577	0.066018	2
0737	0.117769	0.006345	0.031574	0.033124	62
0738	0.001952	0.021397	0.002302	0.04559	2
0739	0.00013099999999999999	0.013945	0.003795	0.067842	2
0740	0.077002	0.028732	0.001885	0.134664	5
0741	0.053926	0.066045	0.006599	0.110994	5
0742	0.045503999999999996	0.085853	0.003364	0.102262	8
0743	0.004798	0.020627	0.003932	0.097784	2
0744	0.051899	0.096189	0.009019	0.103441	5
0745	0.017426999999999998	0.026947	0.002216	0.039189	7
0746	0.043042000000000004	0.039538	0.006278	0.046102	8
0747	0.016347999999999998	0.005918	0.020847	0.016293	4
0748	0.015626	0.027762	0.016435	0.059581	2
0749	0.049263	0.050906	0.000698	0.059461	12
0750	6e-06	0.020691	0.003848	0.0605	1
0751	0.027199	0.000537	0.02667	0.014868	3
0752	0.002023	0.028818	0.001358	0.058444	1
0753	0.003333	0.009447	0.032436	0.09543	2
0754	0.033294000000000004	0.034306	0.002071	0.038723	4
0755	0.012228000000000001	0.036915	8.6e-05	0.053011	4
0756	0.000116	0.003397	0.005348	0.041543	3
0757	0.039455000000000004	0.074278	0.022851	0.111055	5
0758	0.043503	0.00883	0.018067	0.014147	5
0759	0.013106	0.036713	0.014265	0.053335	2
0760	0.083957	0.03569	0.023465	0.112424	7
0761	0.009796	0.037314	0.007493	0.076602	3
0762	0.000661	0.019044	0.000996	0.032476	2
0763	0.045156	0.052268	0.004006	0.13244	5
0764	0.005083	0.015837	0.013145	0.03142	2
0765	0.110435	0.012904	0.027388	0.146673	12
0766	0.048393	0.06498	0.00062	0.095542	10
0767	0.032147	0.056813	0.025302	0.066294	3
0768	0.022475	0.002501	0.02531	0.036935	10
0769	0.001679	0.036097	0.010862	0.067395	2
0770	0.016951	0.008026	0.000954	0.05384	3
0771	0.019205	0.000759	0.013992	0.046996	3
0772	0.016021999999999998	0.050882	0.004494	0.060086	2
0773	0.018088	0.014764	0.006277	0.096752	3
0774	0.002287	0.006814	0.020164	0.04438	1
0775	0.10406299999999999	0.067296	0.004668	0.115772	8
0776	0.149558	0.028926	0.013231	0.103529	25
0777	0.036778	0.020362	0.010924	0.04421	8
0778	0.035163	0.039541	0.003323	0.109604	10
0779	0.0056300000000000005	0.005368	0.007762	0.01393	4
0780	0.00941	0.030905	0.006069	0.081925	1
0781	0.04210800000000001	0.062487	0.017253	0.091286	8
0782	0.037984	0.028965	0.003283	0.03665	7
0783	0.106106	0.037585	0.019317	0.083589	12
0784	0.030506	0.004512	0.005235	0.047887	9
0785	0.000544	0.030105	0.002613	0.067739	5
0786	3e-05	0.008518	0.017017	0.031782	1
0787	0.007897	0.000302	0.004776	0.049734	3
0788	0.11598800000000001	0.035477	0.005203	0.189219	24
0789	0.011581999999999999	0.063919	0.017248	0.081656	1
0790	0.018391	0.055755	0.00534	0.087741	3
0791	0.001485	0.023806	0.000125	0.055842	3
0792	0.028152999999999997	0.008884	0.01219	0.091155	7
0793	0.011832	0.030068	0.006452	0.043613	2
0794	0.05919100000000001	0.079863	0.014624	0.09906	4
0795	0.040082	0.041675	0.009458	0.072869	11
0796	0.009608000000000002	0.045044	0.016137	0.067172	3
0797	0.012176	0.038181	0.006714	0.068501	2
0798	0.003183	0.023734	0.010862	0.027816	2
0799	0.001262	0.038041	0.006906	0.04988	2
0800	0.039691	0.058056	0.006311	0.070515	2
0801	0.001932	0.097292	0.018386	0.103102	1
0802	0.000415	0.03848	0.008159	0.05616	2
0803	0.034230000000000003	0.041417	0.005471	0.088201	7
0804	0.008994	0.032884	0.001404	0.072293	9
0805	0.054811	0.025074	0.008622	0.068823	27
0806	0.018720999999999998	0.045829	0.012718	0.066749	3
0807	0.026945999999999998	0.057416	0.019731	0.103854	2
0808	0.12138499999999999	0.075102	0.000479	0.088192	16
0809	0.004717000000000001	0.053165	0.009275	0.077036	1
0810	0.10697899999999999	0.111329	0.00909	0.134412	11
0811	0.000237	0.026668	0.018171	0.051456	2
0812	0.138444	0.001669	0.014399	0.052134	23
0813	0.012705	0.002745	0.013462	0.013	4
0814	2e-06	0.014238	0.005829	0.023216	2
0815	0.19326200000000002	0.031853	0.002855	0.09134	33
0816	0.000236	0.022713	0.00199	0.045174	2
0817	0.00888	0.031533	0.000503	0.070808	3
0818	0.049121	0.009664	0.04557	0.073907	9
0819	0.077308	0.021891	0.00909	0.043904	17
0820	0.013312	0.010215	0.03983	0.052129	3
0821	0.032216	0.007842	0.0004	0.04085	6
0822	0.114291	0.091128	0.006833	0.130785	13
0823	0.0	0.003644	0.006118	0.008986	1
0824	0.002509	0.0002	0.021612	0.006846	2
0825	0.030436	0.009084	0.018879	0.032664	14
0826	0.0063560000000000005	0.015634	0.010526	0.031636	7
0827	0.036754	0.066642	0.006424	0.109008	10
0828	0.008012	0.04876	0.001896	0.057473	3
0829	2.5e-05	0.043449	0.002023	0.075716	5
0830	0.018619	0.03085	0.003056	0.069558	4
0831	0.056157	0.055549	0.012406	0.071655	13
0832	5.7e-05	0.050148	0.004036	0.064095	1
0833	0.03709199999999999	0.058311	0.006433	0.072837	8
0834	0.097865	0.121419	0.004396	0.145015	9
0835	0.119286	0.075358	0.009883	0.138382	12
0836	0.061302	0.040441	0.007485	0.060668	7
0837	0.000425	0.000774	0.003912	0.077401	2
0838	0.02242	0.043075	0.003116	0.083347	3
0839	0.014782	0.022175	0.004885	0.039691	5
0840	0.150618	0.045701	0.007195	0.107256	52
0841	0.004348	0.000114	0.012454	0.034243	2
0842	0.002802	0.018393	0.020112	0.055352	2
0843	0.000884	0.029737	0.005756	0.043497	2
0844	0.009052000000000001	0.029052	0.002776	0.064703	2
0845	0.070082	0.112745	0.002665	0.156441	6
0846	0.031047	0.010286	0.017679	0.041861	12
0847	0.015025	0.000632	0.036223	0.04477	2
0848	0.06303199999999999	0.076242	0.006595	0.101952	22
0849	0.040144	0.052259	0.001332	0.070404	4
0850	0.00427	0.013331	0.023177	0.042943	1
0851	0.023871	0.005044	0.035854	0.025674	2
0852	0.040244	0.10598	0.009888	0.136492	2
0853	0.001263	0.023728	0.003572	0.030922	2
0854	0.000331	0.016954	0.010594	0.023374	2
0855	0.02527	0.064382	0.025212	0.09081	2
0856	4.9999999999999996e-05	0.044112	0.009406	0.059409	2
0857	0.009839	0.061482	0.011556	0.104189	3
0858	0.001596	0.00984	0.052801	0.060461	1
0859	0.002111	0.019992	0.002815	0.027461	2
0860	0.012650999999999999	0.033153	0.004233	0.0367	2
0861	0.015231999999999999	0.039101	0.005417	0.05922	2
0862	0.030223	0.004851	0.018661	0.045157	5
0863	0.017811	0.02108	0.00584	0.078552	2
0864	0.003037	0.047267	0.006773	0.10906	2
0865	0.040478	0.047356	0.000566	0.074802	8
0866	6e-06	0.021043	0.005163	0.044567	2
0867	0.012322	0.032775	0.008969	0.062949	2
0868	0.000263	0.030634	0.005147	0.046748	2
0869	0.056943	0.042644	0.0085	0.056505	4
0870	0.028777999999999998	0.047642	0.016045	0.051641	4
0871	0.001079	0.043679	0.007538	0.062643	2
0872	0.029396000000000002	0.130668	0.001182	0.144347	4
0873	0.038182	0.065358	0.014801	0.109365	2
0874	0.028324999999999996	0.01583	0.010924	0.025705	18
0875	0.05118	0.023024	0.00994	0.095618	6
0876	0.003583	0.035924	0.004155	0.045368	1
0877	0.006908	0.06921	0.020566	0.075954	1
0878	0.038852	0.069483	0.01342	0.096967	7
0879	0.020132	0.016756	0.002042	0.097082	5
0880	0.070744	0.045549	0.020934	0.05197	13
0881	0.008172	0.003127	0.025493	0.010417	2
0882	0.000298	0.029785	0.003513	0.051299	3
0883	0.002262	0.0186	0.006149	0.041223	2
0884	0.000824	0.016113	0.006599	0.045665	1
0885	0.0026650000000000003	0.047423	0.005823	0.100716	1
0886	0.04148500000000001	0.052456	0.011859	0.086237	5
0887	0.069864	0.074871	0.001728	0.121182	7
0888	0.025297	0.01812	0.00243	0.067873	3
0889	0.0037819999999999998	0.002056	0.02477	0.01556	2
0890	0.023597	0.042519	0.016664	0.073108	2
0891	0.03216	0.048139	0.023156	0.055005	6
0892	0.035455	0.060696	0.002041	0.061993	5
0893	0.053478	0.053481	0.011407	0.104708	20
0894	5.8e-05	0.015741	0.014108	0.030028	2
0895	0.017465	0.056117	0.005378	0.09382	2
0896	0.002805	0.014837	0.011074	0.038374	1
0897	0.02965	0.034731	0.000907	0.066808	5
0898	0.00527	0.03392	0.012391	0.046218	2
0899	0.09219000000000001	0.002791	0.020501	0.061116	22
0900	0.00928	0.044637	0.002044	0.063205	2
0901	0.019718	0.038352	0.001383	0.097758	3
0902	0.018456999999999998	0.002994	0.017443	0.05811	5
0903	0.015076	0.023921	0.008319	0.042272	2
0904	0.025576	0.064239	0.00257	0.086007	2
0905	0.012378	0.020534	0.000267	0.039798	2
0906	0.018779	0.046618	0.004348	0.081613	3
0907	0.07800399999999999	0.084803	0.008622	0.095925	9
0908	0.006579	0.009577	0.016893	0.031753	2
0909	0.008159	0.017658	0.005175	0.092147	2
0910	0.0008010000000000001	0.020642	0.040662	0.084151	1
0911	0.111763	0.030347	0.021978	0.112436	14
0912	0.009646000000000002	0.047932	0.024425	0.064708	2
0913	0.004830999999999999	0.040473	0.017261	0.090612	1
0914	0.002767	0.000833	0.009397	0.053363	3
0915	0.050829	0.019303	0.005768	0.0441	10
0916	0.028783	0.021664	0.039717	0.083318	2
0917	0.023821	0.043627	0.001837	0.049338	2
0918	0.001085	0.00565	0.025838	0.052791	1
0919	0.006313	0.051271	0.007801	0.079044	2
0920	0.001627	0.005521	0.023296	0.070831	1
0921	0.018812999999999996	0.032611	0.002725	0.053839	3
0922	0.053866	0.00443	0.036437	0.041451	5
0923	0.002591	0.02285	0.005513	0.042847	1
0924	0.000476	0.006264	0.019723	0.092263	1
0925	7.999999999999999e-05	0.000753	0.021021	0.012465	2
0926	0.026038000000000002	0.03864	0.027237	0.072227	4
0927	0.021367999999999998	0.051288	0.001356	0.106103	2
0928	0.006692	0.0145	0.007715	0.037172	2
0929	0.014779	0.001749	0.018123	0.021208	4
0930	0.035854	0.00495	0.010486	0.014797	4
0931	0.039559000000000004	0.046192	0.003729	0.07268	3
0932	0.008471999999999999	0.01388	0.004561	0.044994	2
0933	0.021839	0.042465	0.011642	0.077218	6
0934	0.020275	0.047777	0.011391	0.079546	2
0935	0.033255	0.062051	0.014949	0.077468	5
0936	0.003113	0.001146	0.00329	0.032953	4
0937	0.025347	0.0446	0.001165	0.072425	8
0938	0.0014169999999999999	0.012958	0.010297	0.017827	2
0939	0.006433	0.02488	0.000546	0.041582	3
0940	0.02484	0.022238	0.003049	0.042859	11
0941	0.082233	0.000368	0.039997	0.114781	28
0942	0.044891	0.066165	0.004754	0.083041	10
0943	0.001887	0.045291	0.016394	0.069369	1
0944	0.001235	0.005429	0.029055	0.039276	1
0945	0.003454	0.035266	0.010032	0.049403	3
0946	0.000284	0.001173	0.010515	0.050664	1
0947	0.010634000000000001	0.036992	0.002403	0.050995	6
0948	0.019167999999999998	0.026833	0.005329	0.043633	10
0949	0.011283999999999999	0.003755	0.010736	0.095354	3
0950	0.044504999999999996	0.022836	0.023807	0.087925	6
0951	0.00101	0.052746	0.001939	0.078148	1
0952	0.001559	2.4e-05	0.007918	0.034756	3
0953	0.069733	0.063593	0.004536	0.117382	10
0954	0.12503299999999998	0.056529	0.016594	0.075266	27
0955	0.0063419999999999995	0.03237	4.7e-05	0.051229	4
0956	0.010643999999999999	0.018365	0.000582	0.026704	13
0957	0.004149	0.00108	0.005422	0.019221	4
0958	0.026938999999999998	0.031809	0.005837	0.075849	5
0959	0.000811	0.008132	0.003384	0.041472	2
0960	0.000188	0.038899	0.006341	0.0672	3
0961	0.025155000000000004	0.040997	5.4e-05	0.084077	9
0962	0.000754	0.00782	0.008504	0.049201	2
0963	0.002162	0.011671	0.000287	0.040651	2
0964	0.018947000000000002	0.035056	0.000334	0.057124	4
0965	0.09370899999999999	0.046111	0.013998	0.08204	18
0966	0.006462000000000001	0.002474	0.019309	0.039479	4
0967	0.025172999999999997	0.027836	0.021906	0.078255	3
0968	0.011647	0.041092	0.006384	0.062639	6
0969	0.005509	0.020127	0.002233	0.051042	2
0970	0.001085	0.032106	0.003943	0.043413	2
0971	0.015595	0.034835	0.003621	0.058456	3
0972	0.07310299999999999	9.6e-05	0.063656	0.034499	5
0973	0.101144	0.076039	0.019937	0.087299	9
0974	0.06287399999999999	0.018003	0.006167	0.057338	7
0975	0.0065769999999999995	0.031228	0.023426	0.074672	1
0976	0.05516	0.021808	0.00345	0.027649	14
0977	0.11915200000000001	0.032522	0.022599	0.039336	9
0978	0.12782500000000002	0.007092	0.030267	0.043454	9
0979	0.052945	0.070026	0.013813	0.085382	5
0980	0.09162600000000001	0.030779	0.020296	0.102162	14
0981	0.117336	0.01779	0.006696	0.044361	14
0982	0.009751999999999999	0.020158	0.013429	0.032011	2
0983	0.059393999999999995	0.07807	0.011117	0.099832	6
0984	0.019533	0.038018	0.021317	0.0566	3
0985	0.011864	0.021888	0.004628	0.050772	3
0986	0.003601	0.071728	0.010449	0.084721	1
0987	0.0041860000000000005	0.02926	0.022283	0.045727	1
0988	0.0030619999999999996	0.014257	0.002607	0.031298	3
0989	0.010779	0.030597	0.00961	0.048785	2
0990	0.001712	0.002306	0.005761	0.011583	2
0991	0.002197	0.003526	0.013726	0.038316	1
0992	0.13090200000000002	0.007828	0.031112	0.074628	25
0993	0.010504	0.020375	0.002215	0.026648	4
0994	0.107495	0.062335	0.000489	0.095174	11
0995	0.020645000000000004	0.034652	0.013193	0.065671	7
0996	0.006244999999999999	0.026942	0.000506	0.042021	2
0997	0.011969	0.00895	0.008608	0.073341	3
0998	0.085673	0.006198	0.033284	0.102516	13
0999	3.3e-05	0.030953	0.019731	0.046893	1
1000	0.057486999999999996	0.048568	0.031412	0.09501	3
1001	0.025507000000000002	0.043079	0.009844	0.089722	5
1002	0.007659	0.022752	0.008777	0.040272	2
1003	0.062626	0.09908	0.008423	0.145769	6
1004	0.016878	0.019221	0.011952	0.033897	62
1005	0.014060999999999999	0.020813	0.003365	0.042519	3
1006	4.8e-05	0.027571	0.013105	0.030996	2
1007	0.061113	0.020695	0.013598	0.034724	7
1008	0.026175	0.011275	0.02879	0.031853	9
1009	0.00034700000000000003	0.041903	0.004335	0.046125	2
1010	0.010109000000000002	0.014654	0.01499	0.058355	3
1011	0.000404	0.011967	0.00141	0.046195	2
1012	0.016887	0.026354	0.011659	0.034645	12
1013	0.051153	0.000619	0.013756	0.014397	10
1014	0.00379	0.012116	0.002209	0.038092	2
1015	0.017672	0.044315	0.004222	0.063539	2
1016	0.002125	0.020205	0.001916	0.027433	2
1017	0.000129	0.012181	0.008495	0.077372	1
1018	0.049356000000000004	0.042313	0.001343	0.048134	6
1019	0.044676999999999994	0.010927	0.008545	0.084161	5
1020	0.020685000000000002	0.027882	0.001376	0.094305	3
1021	0.040374	0.007118	0.01434	0.041763	10
1022	0.044250000000000005	0.074955	0.003011	0.117872	9
1023	0.024132	0.00034	0.012362	0.064339	8
1024	0.0056749999999999995	0.00406	0.028482	0.030594	1
1025	1.5e-05	0.02339	0.010283	0.045149	1
1026	0.035211	0.05736	0.000236	0.07227	3
1027	0.022708	0.026073	0.024824	0.046407	6
1028	0.081092	0.021817	0.002675	0.080806	21
1029	0.039994	0.037048	0.004178	0.096972	4
1030	0.003267	0.0251	0.012999	0.060146	2
1031	0.063439	0.007107	0.034417	0.032548	14
1032	0.098573	0.078921	0.008367	0.094657	13
1033	0.009425999999999999	0.01174	0.010624	0.014271	11
1034	0.012559	0.023851	0.003437	0.035751	4
1035	0.00084	0.01705	0.021991	0.042635	1
1036	0.075381	0.000341	0.021252	0.059812	40
1037	0.008480999999999999	0.012297	0.007061	0.09245	3
1038	0.011443	0.024922	0.008699	0.050465	3
1039	0.006073	0.021674	0.007841	0.053192	5
1040	0.00047900000000000004	0.020514	0.008161	0.05613	2
1041	0.015009999999999999	0.023357	0.007372	0.052287	2
1042	0.023641000000000002	0.043686	0.026865	0.046924	4
1043	0.005505	0.00025	0.014594	0.042009	3
1044	0.00057	0.019321	0.000379	0.038748	2
1045	0.000357	0.001628	0.026802	0.069165	1
1046	0.003827	0.047271	0.014325	0.078427	1
1047	0.153797	0.150894	0.006656	0.189113	16
1048	0.016795	0.042765	0.015673	0.06768	4
1049	0.067678	0.040429	0.009234	0.153615	10
1050	0.003419	0.022027	0.009497	0.061758	1
1051	0.011068	0.000982	0.014847	0.017014	4
1052	0.065799	0.098043	0.010746	0.130692	12
1053	0.000164	0.053079	0.00966	0.060987	1
1054	0.041298	0.004164	0.029055	0.029168	5
1055	0.011763	0.0447	0.006937	0.06131	3
1056	1.6e-05	0.011139	0.017742	0.030911	1
1057	0.053306000000000006	0.030064	0.010068	0.121098	7
1058	0.068238	0.007438	0.034799	0.117262	8
1059	0.006919	0.067033	0.008414	0.102647	2
1060	0.045387	0.095762	0.004982	0.10199	9
1061	0.06517300000000001	0.038551	0.003809	0.107634	7
1062	0.014274	0.026995	0.002593	0.045068	3
1063	0.061568	0.042591	0.00719	0.058662	23
1064	0.052406	0.048672	0.009381	0.075548	6
1065	0.033474	0.030323	0.002571	0.076695	6
1066	0.02078	0.060006	0.007276	0.067895	3
1067	0.013165	0.045389	0.014193	0.055739	3
1068	0.038657	0.0482	0.002172	0.084878	11
1069	0.000734	0.021679	0.017855	0.04869	2
1070	1e-06	0.033149	0.005569	0.050451	2
1071	0.047668	0.01156	0.027888	0.07518	8
1072	0.000644	0.075228	0.00747	0.158943	1
1073	0.000134	0.003713	0.019258	0.030763	1
1074	0.041511	0.097434	0.001851	0.101363	11
1075	0.001118	0.02636	0.003183	0.028143	2
1076	0.088375	0.037768	0.026571	0.122553	60
1077	0.094057	0.017236	0.030652	0.045744	10
1078	0.004983	0.070509	0.006905	0.102522	1
1079	0.01627	0.029013	0.005162	0.053436	5
1080	7.8e-05	0.009253	0.004317	0.043239	2
1081	0.021207999999999998	0.012988	0.001968	0.025032	5
1082	0.007945	0.023268	0.026852	0.052353	1
1083	0.009109	0.002177	0.01127	0.024852	2
1084	0.000424	0.018549	0.006282	0.028494	1
1085	0.0023169999999999996	0.035618	0.001223	0.059567	2
1086	0.007341	0.023104	0.012611	0.042571	5
1087	0.059219	0.01041	0.002011	0.064281	8
1088	0.057309	0.019588	0.004881	0.090529	22
1089	0.012421999999999999	0.027686	0.022538	0.045108	2
1090	0.056930999999999995	0.023496	0.005054	0.047686	7
1091	0.042521	0.00261	0.004174	0.078481	21
1092	0.022417999999999997	0.021405	0.00651	0.046808	4
1093	0.037734	0.037989	0.012787	0.089081	12
1094	0.022702	0.034821	0.015281	0.053794	8
1095	0.020233	0.026238	0.009016	0.091252	6
1096	0.002631	0.001113	0.010426	0.017255	3
1097	0.07909400000000001	0.081941	0.00551	0.096038	14
1098	0.048256	0.024966	0.034861	0.0698	5
1099	0.014466	0.00306	0.028428	0.077416	3
1100	0.002145	0.03404	0.017344	0.059711	1
